rpg stfu,no! ğŸ˜ ,rpg go away,,,,,,
rpg miniboss @here,fight,please accept my moral support,we shall win,RALLY THE TROOPS,,,,
rpg arena @everyone,join,MORAL SUPPORT,WE CANNOT LOSE,EVERYONE GET READY,,,,
stfu,"don't be mean, darling!",that hurts,ruuude!,no! ğŸ˜ ,,,,
lol,ğŸ¤£,knee slapper,lmao,lolol,,,,
lmao,ğŸ¤£,Someone call a doctor! I'm dying XD,,,,,,
haha,aHHHaahhHAaahA so funny SO FUNNY i'm dyyyyyying,,,,,,,
rip,press 'F' to pay respects,rest in pieces,LET IT **RIPPP**,,,,,
â¤ï¸,"listen to the beat, beat, beat",ily too ğŸ’™,ğŸ’™ğŸ’™ğŸ’™,,,,,
huh?,huh?,i am confused,"darling, please explain",,,,,
yummy,"darling, i want it!",COOKIE,*stomach grumbles*,,,,,
ohh,ohhhhhhh i get it now too!,*thinking*,hmm,,,,,
congrats,yaaaaay great job ğŸ¥³,nice darling!,,,,,,
!np,i think... i like this song,"nice tunes, darling!",listen to Kiss of Death!,,,,,
rpg buy edgy lootbox,damn darling! you gotta lotta money,,,,,,,
darling,in the **FRANXX**,you mean DAAAAAAAAAAAAAAAAAAAAAAAAAAAAAARLING,,,,,,
hmm,ğŸ¤”,what's goin on?,can somebody please explain what's going on??,,,,,
bro,**bro**han solo,broski!,my broooo!,brofessor!,hi brosicle!,"chill chill, we're all bro sapiens!",,Brorannosaurus Rex!
ily,ily **3000**,i love you too darling!,,,,,,
vote,https://top.gg/bot/774732068282171424/vote,,,,,,,
anime,WITH THE POWER OF GOD AND ANIME,,,,,,,
fight me,DARLING GET MY SHOTGUN,"square up, darling!",ğŸ‘ŠğŸ‘ŠğŸ‘Š,DON'T FIGHT DARLING,,,,
good morning,rise and shine,â˜€ï¸,Ohayo!,what's for breakfast?,,,,
sup,just fighting klaxosaurs,filing my horns!,riding dinos!,I just got back from dropping the kids off at school,,,,
002,hi hi!,,ã“ã‚“ã«ã¡ã¯!,ä½ å¥½!,,,,
02,let's go get some klaxosaurs!,hey darling,ã“ã‚“ã«ã¡ã¯! (*hello* in japanese),ä½ å¥½! (*hi* in chinese),,,,
zero two,dats me,oui?,si?,ã“ã‚“ã«ã¡ã¯! (hello!),,,,
wassup,hola!,ahoy!,hiii,ã“ã‚“ã«ã¡ã¯! (hii!),,,,
christmas,jingle bells!,where's Rudolph?,"i got you something, darling!",i can't wait for christmas,,,,
hey,ä½ å¥½!,ã“ã‚“ã«ã¡ã¯!,,,,,,
maybe,yeah,50/50,,,,,,
what?,nani?,ä½•?,,,,,,
?,Â¿,ä½•?,,,,,,
morning!,rise and shine,â˜€ï¸,Ohayo!,what's for breakfast?,,,,
omg,ğŸ˜²,ğŸ˜±,,,,,,
!dc,goodbye RhythmBot san!,,,,,,,
cya,ã•ã‚ˆã†ãªã‚‰! (goodbye!),bye bye!,,,,,,
i give up,"yup me too, darling",,,,,,,
life is tough,agreed,,,,,,,
leetcode,100 Easy 50 Medium 10 Hard,,,,,,,
